Response	First	Last	Email
X	IUCHIL	vrulrt	<Ivrulrt@uoregon.edu>
	JNWSKV	ogiqen	<Jogiqen@uoregon.edu>
X	CIHTVK	ylztvf	<Cylztvf@uoregon.edu>
	IUNJRX	yllgyt	<Iyllgyt@uoregon.edu>
X	VVFBXN	hdmubp	<Vhdmubp@uoregon.edu>
X	IUCHIL	vrulrt	<Ivrulrt@uoregon.edu>
X	DMTFFU	zeztlk	<Dzeztlk@uoregon.edu>
X	LLNHHL	klbutn	<Lklbutn@uoregon.edu>
X	RBBADB	tofqoz	<Rtofqoz@uoregon.edu>
X	ALFAHJ	dtgwrb	<Adtgwrb@uoregon.edu>
X	UAMZYR	ubnvnz	<Uubnvnz@uoregon.edu>
X	JNWSKV	ogiqen	<Jogiqen@uoregon.edu>
X	QNXIGU	rxqzul	<Qrxqzul@uoregon.edu>
X	LYGXPP	usocuj	<Lusocuj@uoregon.edu>
X	WVHVEF	obpijg	<Wobpijg@uoregon.edu>
X	BKYHYW	emorzv	<Bemorzv@uoregon.edu>
X	IUCHIL	vrulrt	<Ivrulrt@uoregon.edu>
X	ALFAHJ	dtgwrb	<Adtgwrb@uoregon.edu>
X	PDSANC	nedsog	<Pnedsog@uoregon.edu>
X	ANFGJI	aingym	<Aaingym@uoregon.edu>
X	UAMZYR	ubnvnz	<Uubnvnz@uoregon.edu>
X	WLNOEI	vmtolt	<Wvmtolt@uoregon.edu>
X	LYGXPP	usocuj	<Lusocuj@uoregon.edu>
X	RKEAZT	dhnotd	<Rdhnotd@uoregon.edu>
X	RBBADB	tofqoz	<Rtofqoz@uoregon.edu>
X	RRVJJX	dooqwu	<Rdooqwu@uoregon.edu>
X	WLNOEI	vmtolt	<Wvmtolt@uoregon.edu>
X	RPDQSH	etnnom	<Retnnom@uoregon.edu>
X	VVFBXN	hdmubp	<Vhdmubp@uoregon.edu>
X	LLNHHL	klbutn	<Lklbutn@uoregon.edu>
X	IUCHIL	vrulrt	<Ivrulrt@uoregon.edu>
X	ANFGJI	aingym	<Aaingym@uoregon.edu>
X	JNWSKV	ogiqen	<Jogiqen@uoregon.edu>
X	QNXIGU	rxqzul	<Qrxqzul@uoregon.edu>
	CIHTVK	ylztvf	<Cylztvf@uoregon.edu>
X	NXMXYT	nafgni	<Nnafgni@uoregon.edu>
	WVHVEF	obpijg	<Wobpijg@uoregon.edu>
X	IUCHIL	vrulrt	<Ivrulrt@uoregon.edu>
	LBCPBZ	gdvdsl	<Lgdvdsl@uoregon.edu>
X	WVHVEF	obpijg	<Wobpijg@uoregon.edu>
